{"LtnaXuvLayJdWzEN1tpOvw==":"img%202-385x128.png","/mlquRSHAwY/m0D+WZzxDQ==":"img%20slide%203-1400x402.png","yt9sThzJ4Xf0i/7flhod7Q==":"img%201-2000x1333.jpg","4Bp08iCmYiVnI3U1FPA51Q==":"img%202-1400x896.png","TCbPiNVI5JKXNuwE0RwBrw==":"img%203-2000x1019.jpg","joU/eE68F95lecgiy3FN+w==":"img%204-600x400.jpg","n0XfS0COrRicaS6fyXY1dQ==":"img%205-600x400.jpg","Doal7Zu7jIqYPriuddiY0Q==":"img%206-600x400.jpg","KlYFxEi5d8cvmiOI4+1ZVQ==":"img-2000x1333.jpg","HWQB+afwK/6qvYI1n82S0A==":"img-2-2000x1333.jpg","HCa+ZRvUiQaZnb5C2u1DIQ==":"img%208-2000x1037.jpg","QLa13PgSlDmSHbCjgZVoPA==":"img%207-1400x933.jpg","qkx0/+QpyiPhliNt+1jhiQ==":"img%209-2000x1333.jpg","Q9d4VgdJu3UZgixCuzMsew==":"img%2012-2000x1037.jpg","sVnz4m8XoRXBRN6uFTIrAA==":"img%2011-2000x1037.jpg","qIMCCvGERp0xuC+6kKf5Vg==":"img-2-2000x1333.jpg","M8d14ehB0+zZ/Iu3vYZS+g==":"img-3-2000x1333.jpg","GoxH/VIIe/rGpGu/+JfQYQ==":"img-4-2000x1333.jpg","knHfQm/nhSHIdeo89vVktw==":"img-5-2000x1333.jpg","SvaAGpWUs5F9tWycf2aS5w==":"img-6-2000x1333.jpg","nvO5e2WTp3TvOh6Jz1IRIQ==":"img-7-2000x1333.jpg","6WEEapeSKGgNkxFowUMNVw==":"img-8-2000x1333.jpg","PlGpY+sOfc6nh+x9hTZo3g==":"img-10-2000x1333.jpg","dEwdZUa1Rd5EP/hFHIU+7Q==":"img-11-2000x1333.jpg","ULv3xsD8UpY13Xu12dSNWg==":"img-12-2000x1333.jpg","HV++3mXa5pnz/vCxz790dA==":"img-13-2000x1333.jpg","3muYdLzKVNGw2AgNKwU7kg==":"img-14-2000x1333.jpg","KZMpfVWfMRBaen9+5oWm1Q==":"img-15-2000x1333.jpg","wlN1qx2pHBKxbj4k4kQvzg==":"img-16-2000x1333.jpg","OU+9+dTuivg2qoHSrcuFKg==":"img-17-2000x1333.jpg","PvhRrQJZOi80sOodsSJ+yg==":"acd%20logo-1400x263.png","9e2P5JMiFvHq0JBEeGsLKw==":"img-18-2000x1333.jpg","9OuhyMexbHwEtjeO1Q0kCQ==":"img-19-2000x1333.jpg","+o//6niIZC3BHJ3jXs8AuQ==":"img-20-2000x1333.jpg","XRZL+2c7F7cB5E0ttDbOaw==":"img-1400x933.jpg","SgUCC7ghK9zaP8BBo5y0Aw==":"img-160x106.jpg","O/p9jrY9CikTrxleP929/A==":"img-1-1400x933.jpg","9bO+6PLlBw8IUFPKRJMEZg==":"img-21-2000x1333.jpg","dlqDFmP0NhtlILoRAR9sUQ==":"img-22-2000x1333.jpg","VsudLCrtEKWi75jT70C+YA==":"img-23-2000x1333.jpg","3tUCel3RcNRVaWrTPPqlUA==":"img-24-2000x1333.jpg","ribTQbnRGAD5PNR+37R7sA==":"img-25-2000x1333.jpg","jIh0MYHxbFSNN3nR7faXvg==":"102-600x400.png","4SOCHsVjfe57K6Hn3+FzQA==":"101-600x400.png","gvSPs/0HqihcHzNS0ych3g==":"106-600x400.png","qRGxDLsnlyMcNuCsynZciw==":"107-600x400.png","uHmHk6n4w9jDP2Z5smCUQw==":"105-600x400.png","peiC13/H6XZeSPgjxZw5yQ==":"103-600x400.png","6H233Q+Dyq/XmoUl2TBitA==":"104-600x400.png","mp+artKUWFJioKJYEmUowQ==":"108-600x400.png","PCn5Dr4uzHaaEKVdFBTzkg==":"109-600x400.png","I6WhxjArOh1AynXMhvjRSA==":"110-600x400.png","/aXkZR1ljRSsoZh+UiLXKg==":"100-600x400.png","p4PiOgJL2wDmR4FK0YOUnA==":"5-600x399.jpg","9EdZk92QWQpEbT7bIMgK/w==":"7-2000x251.png","3Ac9+yPaRDuUILFcvGyaMQ==":"7-1400x176.png","QWLBdVivXTF0RCY3Mp0oyg==":"img%206-2000x1333.jpg"}